{
  "name": "chat-tool-app",
  "version": "1.0.0",
  "description": "Customer Support Chat Tool",
  "author": "Your Name",
  "private": true,
  "main": "electron/main.js",
  "type": "commonjs",
  "scripts": {
    "dev": "NODE_ENV=development tsx server/index.ts",
    "build": "vite build && esbuild server/index.ts --platform=node --packages=external --bundle --format=esm --outdir=dist",
    "start": "NODE_ENV=production node dist/index.js",
    "check": "tsc",
    "db:push": "drizzle-kit push",
    "electron:dev": "concurrently \"npm run dev\" \"electron .\"",
    "electron:build": "npm run build && electron-builder",
    "electron:start": "electron ."
  },
  "build": {
    "appId": "com.chat-tool.app",
    "productName": "Chat Tool App",
    "files": [
      "dist/**/*",
      "build/**/*",
      "electron/**/*"
    ],
    "directories": {
      "buildResources": "assets",
      "output": "release"
    },
    "win": {
      "target": [
        "portable",
        "nsis"
      ],
      "icon": "assets/icon.ico"
    },
    "mac": {
      "target": [
        "dmg"
      ],
      "icon": "assets/icon.icns"
    },
    "linux": {
      "target": [
        "AppImage",
        "deb"
      ],
      "icon": "assets/icon.png"
    }
  }
}